{
  "$schema": "https://schema.management.azure.com/schemas/2015-01-01/deploymentTemplate.json#",
  "contentVersion": "1.0.0.0",
  "parameters": {
    "baseName": {
      "defaultValue": "UnzipEverything",
      "type": "string",
      "metadata": {
        "description": "Name use as base-template to named the resources deployed in Azure."
      }
    },
    "GitHubBranch": {
      "type": "string",
      "defaultValue": "main",
      "metadata": {
        "description": "Name of the branch to use when deploying (Default = main)."
      }
    },
    "MonitorStorageName": {
      "type": "string",
      "defaultValue": "dropzone",
      "metadata": {
        "description": "Name of the storage account where the files will be drop and unziped. (Default = dropzone)."
      }
    },
    "KeyVaultSkuName": {
      "type": "string",
      "defaultValue": "Standard",
      "allowedValues": [
        "Standard",
        "Premium"
      ],
      "metadata": {
        "description": "Specifies whether the key vault is a standard vault or a premium vault."
      }
    },
    "PasswordForZips": {
      "type": "securestring",
      "metadata": {
        "description": "Password for unzipping secure/encrypted zip files"
      }
    }
  },
  "variables": {
    "suffix": "[substring(toLower(uniqueString(resourceGroup().id, resourceGroup().location)),0,5)]",
    "funcAppName": "[toLower(concat(parameters('baseName'), variables('suffix')))]",
    "KeyVaultName": "[toLower(concat(parameters('baseName'), '-kv-', variables('suffix')))]",
    "funcStorageName": "[tolower(concat(substring(parameters('baseName'), 0, min(length(parameters('baseName')),16)), 'stg', variables('suffix')))]",
    "serverFarmName": "[concat(substring(parameters('baseName'), 0, min(length(parameters('baseName')),14)), '-srv-', variables('suffix'))]",
    "repoURL": "https://github.com/FBoucher/AzUnzipEverything.git",
    "fileStorageName": "[tolower(concat(substring(parameters('MonitorStorageName'), 0, min(length(parameters('MonitorStorageName')),16)), 'stg', variables('suffix')))]"
  },
  "resources": [
    {
      "apiVersion": "2018-11-01",
      "type": "Microsoft.Web/sites",
      "name": "[variables('funcAppName')]",
      "location": "[resourceGroup().location]",
      "kind": "functionapp",
      "identity": {
        "type": "SystemAssigned"
      },
      "dependsOn": [
        "[resourceId('Microsoft.Web/serverfarms',variables('serverFarmName'))]",
        "[resourceId('Microsoft.Storage/storageAccounts', variables('funcStorageName'))]"
      ],
      "properties": {
        "serverFarmId": "[resourceId('Microsoft.Web/serverfarms', variables('serverFarmName'))]",
        "siteConfig": {
          "appSettings": [
            {
              "name": "AzureWebJobsDashboard",
              "value": "[concat('DefaultEndpointsProtocol=https;AccountName=', variables('funcStorageName'), ';AccountKey=', listKeys(variables('funcStorageName'),'2015-05-01-preview').key1)]"
            },
            {
              "name": "AzureWebJobsStorage",
              "value": "[concat('DefaultEndpointsProtocol=https;AccountName=', variables('funcStorageName'), ';AccountKey=', listKeys(variables('funcStorageName'),'2015-05-01-preview').key1)]"
            },
            {
              "name": "WEBSITE_CONTENTAZUREFILECONNECTIONSTRING",
              "value": "[concat('DefaultEndpointsProtocol=https;AccountName=', variables('funcStorageName'), ';AccountKey=', listKeys(variables('funcStorageName'),'2015-05-01-preview').key1)]"
            },
            {
              "name": "WEBSITE_CONTENTSHARE",
              "value": "[variables('funcAppName')]"
            },
            {
              "name": "FUNCTIONS_EXTENSION_VERSION",
              "value": "~3"
            },
            {
              "name": "FUNCTIONS_WORKER_RUNTIME",
              "value": "dotnet"
            },
            {
              "name": "cloud5mins_storage",
              "value": "[concat('DefaultEndpointsProtocol=https;AccountName=', variables('fileStorageName'), ';AccountKey=', listKeys(variables('fileStorageName'),'2015-05-01-preview').key1)]"
            },
            {
              "name": "destinationStorage",
              "value": "[concat('DefaultEndpointsProtocol=https;AccountName=', variables('fileStorageName'), ';AccountKey=', listKeys(variables('fileStorageName'),'2015-05-01-preview').key1)]"
            },
            {
              "name": "destinationContainer",
              "value": "output-files"
            },
            {
              "name": "KeyVaultUri",
              "value": "[concat('https://', variables('KeyVaultName'), '.vault.azure.net/')]"
            }
          ]
        }
      },
      "resources": [
        {
          "apiVersion": "2018-11-01",
          "name": "web",
          "type": "sourcecontrols",
          "dependsOn": [
            "[resourceId('Microsoft.Web/sites/', variables('funcAppName'))]"
          ],
          "properties": {
            "RepoUrl": "[variables('repoURL')]",
            "branch": "[parameters('GitHubBranch')]",
            "publishRunbook": true,
            "IsManualIntegration": true
          }
        }
      ]
    },
    {
      "type": "Microsoft.Storage/storageAccounts",
      "apiVersion": "2018-07-01",
      "name": "[variables('funcStorageName')]",
      "location": "[resourceGroup().location]",
      "tags": {
        "displayName": "funStorageName"
      },
      "sku": {
        "name": "Standard_LRS"
      },
      "kind": "StorageV2"
    },
    {
      "type": "Microsoft.Web/serverfarms",
      "apiVersion": "2018-02-01",
      "name": "[variables('serverFarmName')]",
      "location": "[resourceGroup().location]",
      "sku": {
        "name": "Y1",
        "tier": "Dynamic"
      },
      "properties": {
        "name": "[variables('serverFarmName')]",
        "computeMode": "Dynamic"
      }
    },
    {
      "type": "Microsoft.Storage/storageAccounts",
      "apiVersion": "2018-07-01",
      "name": "[variables('fileStorageName')]",
      "location": "[resourceGroup().location]",
      "tags": {
        "displayName": "[variables('fileStorageName')]"
      },
      "sku": {
        "name": "Standard_LRS"
      },
      "kind": "StorageV2",
      "resources": [
        {
          "type": "blobServices/containers",
          "apiVersion": "2018-07-01",
          "name": "[concat('default/', 'input-files')]",
          "dependsOn": [
            "[variables('fileStorageName')]"
          ],
          "properties": {
            "publicAccess": "Blob"
          }
        },
        {
          "type": "blobServices/containers",
          "apiVersion": "2018-07-01",
          "name": "[concat('default/', 'output-files')]",
          "dependsOn": [
            "[variables('fileStorageName')]"
          ],
          "properties": {
            "publicAccess": "Blob"
          }
        }
      ]
    },
    {
      "type": "Microsoft.KeyVault/vaults",
      "apiVersion": "2016-10-01",
      "name": "[variables('KeyVaultName')]",
      "location": "[resourceGroup().location]",
      "dependsOn": [],
      "properties": {
        "enabledForDeployment": true,
        "enabledForDiskEncryption": true,
        "enabledForTemplateDeployment": true,
        "tenantId": "[subscription().tenantId]",
        "accessPolicies": [],
        "resources": [
        ],
        "sku": {
          "name": "[parameters('KeyVaultSkuName')]",
          "family": "A"
        }
      }
    },
    {
      "type": "Microsoft.KeyVault/vaults/accessPolicies",
      "name": "[concat(variables('KeyVaultName'), '/add')]",
      "apiVersion": "2018-02-14",
      "dependsOn": [
        "[resourceId('Microsoft.Web/Sites', variables('funcAppName'))]",
        "[resourceId('Microsoft.KeyVault/vaults', variables('KeyVaultName'))]"
      ],
      "properties": {
        "accessPolicies": [
          {
            "tenantId": "[reference(resourceId('Microsoft.Web/sites', variables('funcAppName')), '2018-11-01', 'Full').identity.tenantId]",
            "objectId": "[reference(resourceId('Microsoft.Web/sites', variables('funcAppName')), '2018-11-01', 'Full').identity.principalId]",
            "permissions": {
              "secrets": [ "list", "get" ]
            }
          }
        ]
      }
    },
    {
      "type": "Microsoft.KeyVault/vaults/secrets",
      "apiVersion": "2016-10-01",
      "name": "[concat(variables('KeyVaultName'), '/ZipPassword')]",
      "location": "[resourceGroup().location]",
      "dependsOn": [
        "[resourceId('Microsoft.KeyVault/vaults', variables('KeyVaultName'))]"
      ],
      "properties": {
        "value": "[parameters('PasswordForZips')]"
      }
    }
  ],
  "outputs": {}
}